tcr_sequencing_id,tcr_sequencing_clone_count_source_value,tcr_sequencing_junction_source_value,tcr_sequencing_vsegment_source_value
100,NA,NA,NA
1,10234,CAFMTGNQFYF,TRAV38-1*01
2,10245,CASSFDRGHAEQYF,TRBV7-8*01
3,10286,CASSYLAGGHNEQFF,TRBV6-5*01
4,10458,CVVSPFTGGGNKLTF,TRAV8-2*01
5,105714,CASSFFLAGPTGEQYF,TRBV28*01
6,10742,CACSRDDKIIF,TRAV38-2/DV8*01
7,10852,CVVTEGNDYKLSF,TRAV8-2*01
8,11112,CAFLVYGGSQGNLIF,TRAV24*01
9,11217,CAEITGFQKLVF,TRAV13-2*01
10,11368,CASSLSAVGELFF,TRBV27*01
11,11953,CASSWTGNNPYEQYF,TRBV5-1*01
12,12610,CAVRDGDYKLSF,TRAV1-2*01
13,12771,CASSREQGANTGELFF,TRBV7-6*01
14,13103,CAYRIINQFYF,TRAV38-2/DV8*01
15,13152,CAVRGGGFKTIF,TRAV12-2*01
16,13211,CAGASSLDQAGTALIF,TRAV27*01
17,14116,CLVGDMRYSSASKIIF,TRAV4*01
18,14192,CAWSGLAGIAYNEQFF,TRBV30*01
19,145237,CSAREFPPPNYGYTF,TRBV20-1*01
20,14801,CAGYRGGATNKLIF,TRAV41*01
21,14961,CAYRSAGQGAQKLVF,TRAV38-2/DV8*01
22,15651,CAASKNDMRF,TRAV13-1*01
23,15768,CASSYLFGARGPNEQFF,TRBV6-2*01
24,16112,CAGRLYTDKLIF,TRAV27*01
25,16358,CAMRELGGSQGNLIF,TRAV14/DV4*01
26,16669,CATGEGNRDDKIIF,TRAV17*01
27,17257,CAVPNTGNQFYF,TRAV41*01
28,17303,CAISESRQGVPYEQYF,TRBV10-3*01
29,17521,CALIATGNQFYF,TRAV9-2*01
30,186560,CAPRIRRALTF,TRAV24*01
31,21079,CATSDPRIGDTGELFF,TRBV24-1*01
32,21200,CAVRGGQAGTALIF,TRAV3*01
33,21825,CLVGGAGKDNFNKFYF,TRAV4*01
34,22076,CAYPRTGNQFYF,TRAV38-2/DV8*01
35,23119,CAASKNTGNQFYF,TRAV13-1*01
36,25080,CAPRPSGTYKYIF,TRAV17*01
37,27212,CASSLWVIPYEQYF,TRBV28*01
38,29225,CAERVNARLMF,TRAV13-2*01
39,30545,CAMRKQGAQKLVF,TRAV12-3*01
40,31055,CASSERTSGNNEQFF,TRBV25-1*01
41,32658,CAYRSDNQGGKLIF,TRAV38-2/DV8*01
42,34892,CASSLTPLAGGRDNEQFF,TRBV7-3*01
43,34960,CASSDFGGNEQFF,TRBV6-4*01
44,35998,CALTHTSGTYKYIF,TRAV19*01
45,37067,CASSRGLAVDNEQFF,TRBV7-3*01
46,41547,CASSFYTGELFF,TRBV5-1*01
47,44480,CAVSDFGGKLIF,TRAV8-4*01
48,57106,CASSLYSGGKPYNEQFF,TRBV7-3*01
49,5997,CALSRGNARLMF,TRAV9-2*01
50,6077,CAANDNARLMF,TRAV2*01
51,6121,CSARDKRGGETQYF,TRBV20-1*01
52,6217,CAVEGLTGGGNKLTF,TRAV2*01
53,6222,CASSPYPGEQETQYF,TRBV7-9*01
54,6283,CAAPGGDYKLSF,TRAV13-1*01
55,6376,CAVKPVEEAGGTSYGKLTF,TRAV21*01
56,6481,CALPTSGTYKYIF,TRAV6*01
57,6538,CAMRGGYNFNKFYF,TRAV12-3*01
58,6551,CASSHYIGMGFASGANVLTF,TRBV4-3*01
59,6597,CAGAHGGATNKLIF,TRAV27*01
60,6646,CASSYRGQGVHEQYF,TRBV27*01
61,66577,CASSLEAVPGGNEQFF,TRBV7-9*01
62,6697,CAVCAGGTSYGKLTF,TRAV21*01
63,6728,CRPGSRRALTF,TRAV12-2*01
64,6770,CASSENRVNEQFF,TRBV6-4*01
65,68042,CASSRGTGTASTDTQYF,TRBV5-1*01
66,6859,CASTPMRTGEQSNEQFF,TRBV27*01
67,6888,CASRGDNQETQYF,TRBV27*01
68,6916,CAMSNTGGFKTIF,TRAV12-3*01
69,6933,CGHPSSASKIIF,TRAV12-1*01
70,6980,CASAPGGSGYNEQFF,TRBV7-3*01
71,7043,CAMSLDGNNRKLIW,TRAV12-3*01
72,7059,CAVGSTGGGNKLTF,TRAV3*01
73,7070,CAGRSGTYKYIF,TRAV27*01
74,7132,CASSFDRGYREYF,TRBV28*01
75,7160,CSATWTGPVYEQYF,TRBV20-1*01
76,7211,CIVRAPYNNNDMRF,TRAV26-1*01
77,7310,CATSDLRDFTDTQYF,TRBV24-1*01
78,7334,CVVRNSSASKIIF,TRAV12-1*01
79,73937,CASSSSTNDADTQYF,TRBV6-3*01
80,7463,CSASGPRVTGQYF,TRBV20-1*01
81,7480,CASSYEGERLWTHSNQPQHF,TRBV6-3*01
82,7538,CAVSYDGQKLLF,TRAV21*01
83,7607,CAVRGRNAGNNRKLIW,TRAV3*01
84,7812,CLVGDRGNYGGSQGNLIF,TRAV4*01
85,8025,CAGGGGGTSYGKLTF,TRAV27*01
86,8077,CAVRNDYKLSF,TRAV21*01
87,8086,CAANDYKLSF,TRAV5*01
88,8113,CAYRGGNEKLTF,TRAV38-2/DV8*01
89,8190,CAMSDNSGGYQKVTF,TRAV12-3*01
90,8259,CASSFRGTGSYEQYF,TRBV6-3*01
91,8357,CALSDLSRGTGFQKLVF,TRAV9-2*01
92,8503,CVVSPFTGGGNKLTF,TRAV8-2*01
93,8852,CAGRSGTYKYIF,TRAV27*01
94,8858,CAASTDGSYQLTF,TRAV13-1*01
95,9108,CAVKVAGKSTF,TRAV2*01
96,9158,CASSFEAGTDTQYF,TRBV5-1*01
97,9345,CSARDFTSGTYNEQFF,TRBV20-1*01
98,9551,CASSLLAGGQDTQYF,TRBV7-8*01
99,9882,CATPLENRDDKIIF,TRAV17*01
